{"offline_id": "2929077d519a4547a745aec3db461584", "project_name": "yolov5", "start_time": 1728890015164, "stop_time": 1728890034404, "tags": [], "workspace": null, "resume_strategy": "create", "customer_error_reported": true, "customer_error_message": "Unexpected error detected in the user script: RuntimeError(\"adaptive_avg_pool2d_backward_cuda does not have a deterministic implementation, but you set 'torch.use_deterministic_algorithms(True)'. You can turn off determinism just for this operation, or you can use the 'warn_only=True' option, if that's acceptable for your application. You can also file an issue at https://github.com/pytorch/pytorch/issues to help us prioritize adding deterministic support for this operation.\")", "user_provided_experiment_key": false, "comet_start_sourced": false}