{"offline_id": "6b5385cb0350447598e5a2e72ac513c0", "project_name": "yolov5", "start_time": 1761047483541, "stop_time": 1761047495297, "tags": [], "workspace": null, "resume_strategy": "create", "customer_error_reported": true, "customer_error_message": "Unexpected error detected in the user script: RuntimeError('CUDA out of memory. Tried to allocate 20.00 MiB (GPU 0; 3.82 GiB total capacity; 2.33 GiB already allocated; 3.75 MiB free; 2.34 GiB reserved in total by PyTorch)')", "user_provided_experiment_key": false, "comet_start_sourced": false}