{"offline_id": "6c6129818efc4938b7aeebc56860d57a", "project_name": "yolov5", "start_time": 1761050793939, "stop_time": 1761050806991, "tags": [], "workspace": null, "resume_strategy": "create", "customer_error_reported": true, "customer_error_message": "Unexpected error detected in the user script: RuntimeError('CUDA out of memory. Tried to allocate 2.00 MiB (GPU 0; 3.82 GiB total capacity; 2.14 GiB already allocated; 3.75 MiB free; 2.34 GiB reserved in total by PyTorch)')", "user_provided_experiment_key": false, "comet_start_sourced": false}