{"offline_id": "5c1b52e3055b424180e94d39ab4250dd", "project_name": "yolov5", "start_time": 1761047596180, "stop_time": 1761047606871, "tags": [], "workspace": null, "resume_strategy": "create", "customer_error_reported": true, "customer_error_message": "Unexpected error detected in the user script: RuntimeError('CUDA out of memory. Tried to allocate 26.00 MiB (GPU 0; 3.82 GiB total capacity; 2.23 GiB already allocated; 21.75 MiB free; 2.33 GiB reserved in total by PyTorch)')", "user_provided_experiment_key": false, "comet_start_sourced": false}